id,pytanie,ilustracja,odpa,odpb,odpc,odp,uzasadnienie,model
1,Co oznacza wg kodu Q symbol QRG?,,włączam większą moc nadajnika,moja częstotliwość jest…,siła twoich sygnałów waha się,b,"<p>Odpowiedź to: b. moja częstotliwość jest…</p> <p>Wybrano tę odpowiedź, ponieważ kod QRG w radiokomunikacji jest używany do określenia czyjeś częstotliwości radiowej. QRG jest skrótem od słowa &quot;frequency&quot;, które po angielsku oznacza częstotliwość. Pozostałe odpowiedzi nie mają związku z tym symbolem. &quot;Włączam większą moc nadajnika&quot; i &quot;siła twoich sygnałów waha się&quot; na pewno nie są znaczeniami skrótu QRG.</p>",gpt-4
2,Czy operator może przejść na nadawanie niezwłocznie po wybraniu częstotliwości pracy? ,,może od razu nadawać ,może nadawać lecz ze zredukowaną mocą ,najpierw powinien upewnić się iż częstotliwość jest wolna i nie będzie zakłócał pracy innych użytkowników,c,"<p>Odpowiedź c. najpierw powinien upewnić się iż częstotliwość jest wolna i nie będzie zakłócał pracy innych użytkowników</p> <p>Wybrałem tę odpowiedź, ponieważ w praktyce radiowej jest ważne, aby najpierw sprawdzić, czy wybrana częstotliwość jest pusta. W ten sposób pomożemy uniknąć zakłócenia innych operatorów. To jest również zgodne z międzynarodowymi zasadami etyki radiowej.</p>",gpt-4
3,"Kiedy wybierzemy częstotliwość nadawczą na naszym urządzeniu, jakie czynności należą do dobrej praktyki operatorskiej?",,upewnić się czy wybrana częstotliwość oraz użyta moc jest w zakresie uprawnień naszego pozwolenia,"znajduję się w miejscu zgodnym z przeznaczeniem wg. band planu IARU, oraz sprawdzam czy częstotliwość jest wolna i nie spowoduje interferencji z innymi użytkownikami",wszystkie powyżej,c,"<p>c. wszystkie powyżej</p> <p>Praktyka operatorska polega na zapewnieniu, że nasza transmisja jest zgodna z prawem, nie zakłóca działania innych stacji i nie powoduje niepotrzebnych interferencji. Obejmuje to zarówno sprawdzenie, czy posiadamy odpowiednie uprawnienia do korzystania z wybranej częstotliwości i mocy, jak i potwierdzenie, że nasza stacja znajduje się w odpowiednim miejscu zgodnie z planem pasma IARU i że wybrana częstotliwość jest wolna.</p>",gpt-4
4,"Jaki jest prawidłowy sposób wywołania stacji na przemienniku, której znak wywoławczy jest nam znany?",,"zawołanie ""break"" a następnie znak tej stacji",zawołanie znakiem wołanej stacji a następnie swoim,zawołanie swoim znakiem a następnie znakiem stacji wołanej,b,"<p>Odpowiedź b. zawołanie znakiem wołanej stacji a następnie swoim</p> <p>Wybrano opcję b., ponieważ jest to standardowy protokół komunikacyjny w procesie nawiązywania łączności radiowej. Najpierw należy użyć znaku wywoławczego stacji, którą chcemy skontaktować, a następnie podać swoje własne oznaczenie. Takie postępowanie upewnia się, że odpowiednia stacja wie, że jest wołana.</p>",gpt-4
5,Jaki jest zalecany sposób dołączenia do trwającej już korespondencji?,,podaniu w przerwie nadawania innych korespondentów swojego znaku,powiedzeniu „Breako Breako”,"powiedzeniu „CQ”, a następnie znak dowolnej stacji",a,"<p>Odpowiedź a. podaniu w przerwie nadawania innych korespondentów swojego znaku</p> <p>Wybrałem tę odpowiedź, ponieważ to jest zalecany sposób dołączania do trwającej już korespondencji w praktyce radiowej. Podanie swojego znaku w przerwie nadawania innych korespondentów pozwala na zidentyfikowanie się i zaznaczenie swojego zamiaru dołączenia do rozmowy. &quot;Breako Breako&quot; i &quot;CQ&quot; są używane w innych kontekstach: &quot;Breako Breako&quot; jest często używane do zwrócenia uwagi w sytuacjach awaryjnych, a &quot;CQ&quot; jest ogólnym wezwaniem do wszelkich stacji, które mogą odbierać.</p>",gpt-4
6,"Co należy do dobrej praktyki amatorskiej, jeśli propagacja zmienia się podczas trwania łączności i zauważysz zakłócenia ze strony innych stacji na swojej częstotliwości?",,"powiedz stacjom powodującym zakłócenia, aby zmieniły częstotliwość",spróbować rozwiązać problem zakłóceń z innymi stacjami w sposób akceptowalny dla obu stron z poszanowaniem norm społecznych,"zwiększ moc, aby nasz sygnał był silniejszy od zakłócającego",b,"<p>b. spróbować rozwiązać problem zakłóceń z innymi stacjami w sposób akceptowalny dla obu stron z poszanowaniem norm społecznych</p> <p>Wybrałem tę odpowiedź, ponieważ amatorka radiowa opiera się na zasadach wzajemnego szacunku i współpracy. Należy pamiętać, że każdy operator ma takie samo prawo do korzystania z eteru, więc żadna stacja nie powinna dyktować, kto ma prawo do korzystania z określonej częstotliwości. Zamiast tego, stacje powinny współpracować, aby znaleźć rozwiązanie, które jest akceptowalne dla wszystkich stron. To może obejmować zmianę częstotliwości, obniżenie mocy sygnału, czy korzystanie z innej techniki modulacji. Zwiększanie mocy sygnału w celu zagłuszenia zakłócających stacji zazwyczaj jest uważane za nieodpowiednie zachowanie.</p>",gpt-4
7,"Co należy zrobić w pierwszej kolejności, jeśli komunikujesz się z inną stacją amatorską i słyszysz stację w niebezpieczeństwie?",,"kontynuować łączność, ponieważ byłeś pierwszy na częstotliwości",potwierdzić że słyszymy stację wołającą o pomoc oraz ustalić jakiej pomocy potrzebuje,zmienić częstotliwość na inną,b,"<p>Wybieram odpowiedź b. potwierdzić że słyszymy stację wołającą o pomoc oraz ustalić jakiej pomocy potrzebuje. Powodem jest to, że w sytuacjach zagrożenia życia lub zdrowia należy zawsze przerwać wszelką inną aktywność radiową, aby pomóc stacji w niebezpieczeństwie. Bezpieczeństwo jest najważniejszym priorytetem w komunikacji radiowej.</p>",gpt-4
8,Która wstęga boczna jest najczęściej używana w komunikacji głosowej na częstotliwościach 14 MHz lub wyższych?,,górna wstęga boczna,dolna wstęga boczna,obie wstęgi boczne,a,"<p>Odpowiedź to: a. górna wstęga boczna</p> <p>W komunikacji radiowej używa się różnych rodzajów modulacji, takich jak AM i FM. W modulacji AM używa się „wstęg bocznych”. Wstęgi boczne to zakresy częstotliwości, które leżą powyżej i poniżej częstotliwości nośnej, używane do przenoszenia informacji.</p> <p>Na częstotliwościach poniżej 10MHz zwykle używa się dolnej wstęgi bocznej (LSB - Lower Side Band), podczas gdy na częstotliwościach powyżej 10MHz używa się górnej wstęgi bocznej (USB - Upper Side Band). To jest ogólnie przyjęta konwencja, chociaż istnieją pewne wyjątki.</p> <p>Częstotliwość 14 MHz jest wyższa od 10 MHz, więc według tej konwencji używamy górnej wstęgi bocznej (USB).</p>",gpt-4
9,"Która wstęga boczna jest najczęściej używana w komunikacji głosowej w pasmach 160 m, 80 m oraz 40 m?",,górna wstęga boczna,dolna wstęga boczna,obie wstęgi boczne,b,"<p>Odpowiedź b: dolna wstęga boczna</p> <p>W komunikacji głosowej w pasmach 160 m, 80 m i 40 m, często używa się dolnej wstęgi bocznej (LSB - Lower Side Band). To darzenie wywodzi się z historycznych technicznych uwarunkowań i jest utrzymywane dla zachowania kompatybilności i przewidywalności w komunikacji między radiooperatorami.</p>",gpt-4
10,Co oznacza wg kodu Q symbol QSY?,,"przejdź na częstotliwość, zmień częstotliwość",do usłyszenia na innej częstotliwości,mam uszkodzoną antenę,a,"<p>Odpowiedź a. &quot;przejdź na częstotliwość, zmień częstotliwość&quot;</p> <p>Kod Q jest uniwersalną formą komunikacji między radiooperatorami, a konkretnie QSY jest używane do wskazania, że operator powinien zmienić swoją aktualną częstotliwość.</p>",gpt-4
11,Co oznacza wg kodu Q symbol QRM?,,jestem czynny w eterze od miesiąca,odbieram twoje sygnały bardzo dobrze zmniejsz moc,mam zakłócenia od innych stacji,c,"<p>Wybieram odpowiedź c. &quot;mam zakłócenia od innych stacji&quot;.</p> <p>W kodzie Q, QRM oznacza &quot;słucham zakłóceń od innych stacji&quot;. Jest to specyficzne oznaczenie dla komunikacji radiowej, które służy do informowania o zakłóceniu sygnału.</p>",gpt-4
12,Co oznacza wg kodu Q symbol QRN?,,jestem czynny w eterze od niedawna,mam zakłócenia atmosferyczne,pracuję na radiostacji tylko w niedzielę,b,"<p>b. mam zakłócenia atmosferyczne</p> <p>QRN to międzynarodowy kod Q, który oznacza &quot;mam zakłócenia atmosferyczne&quot;. Kod Q jest systemem skrótów stosowanym w komunikacji za pomocą radiotelegrafu. Wszystkie kody rozpoczynają się na &quot;Q&quot;, a każdy kod ma konkretny znaczenie. Dlatego QRN to odpowiednia odpowiedź.</p>",gpt-4
13,Co oznacza wg kodu Q symbol QSB?,,siła twoich sygnałów waha się,"w okolicy jest burza, wyłączam radiostację",używam anteny dookólnej,a,"<p>Odpowiedź a. siła twoich sygnałów waha się</p> <p>Kod Q jest zestawem skrótowych kodów, które pierwotnie zostały wprowadzone przez British Post Office w 1909 roku dla komercyjnej komunikacji telegraficznej, a później zostały przyjęte przez radiooperatorów amatorskich.</p> <p>Kod &quot;QSB&quot; oznacza &quot;siła twoich sygnałów waha się&quot;. Jest to typowe dla komunikacji radiowej, w której jakość sygnału może być zmienna z powodu wielu czynników, takich jak warunki atmosferyczne, położenie geograficzne czy zakłócenia spowodowane przez inne źródła sygnału.</p>",gpt-4
14,Co oznacza wg kodu Q symbol QRV?,,o której godzinie rozpoczęliśmy łączność,"jestem gotów do pracy, jestem czynny w eterze",proszę powtórzyć ostatnią relację,b,"<p>b. jestem gotów do pracy, jestem czynny w eterze</p> <p>Kod QRV według kodu Q oznacza, że jestem gotów do pracy lub czynny w eterze. Jest to powszechnie stosowany kod w radioamatorskich komunikacjach i służy do sygnalizowania gotowości do prowadzenia łączności radiowej. Pozostałe odpowiedzi nie są zgodne z przyjętym międzynarodowym kodem Q.</p>",gpt-4
15,Co oznacza wg kodu Q symbol QTH?,,nie mam ochoty z tobą dalej rozmawiać,przekazuję wiadomość od…,moje położenie geograficzne jest…,c,<p>Odpowiedź to c. moje położenie geograficzne jest…</p> <p>Kod Q jest skrótem radiowym używanym przez radiooperatorów do przekazywania wiadomości z określonymi znaczeniami. QTH oznacza &quot;moje położenie geograficzne jest...&quot; i jest używane do podania informacji o lokalizacji nadajnika.</p>,gpt-4
16,Co oznacza wg kodu Q symbol QRP?,,nadawaj powoli,"zmniejsz moc, zmniejszam moc",powtórz swój znak wywoławczy,b,"<p>b. zmniejsz moc, zmniejszam moc</p> <p>Kod Q to zestaw skrótów używanych przez operatorów radiowych, zwłaszcza w łącznościach Morse'a. Symboly kodu Q są trzyznakowe, zaczynają się od litery Q. Na przykład QRP oznacza &quot;zmniejsz moc, zmniejszam moc&quot;.</p>",gpt-4
17,Co oznacza wg kodu Q symbol QTC?,,wyłączam stację,na jaką częstotliwość mam się przestroić,mam dla ciebie pilną wiadomość,c,"<p>Odpowiedź to &quot;c. mam dla ciebie pilną wiadomość&quot;.</p> <p>Kod Q został wprowadzony na początku XX wieku przez British Post Office, aby ułatwić komunikację radiową. Każda kombinacja trzech liter zaczynająca się na &quot;Q&quot; ma określone znaczenie.</p> <p>QTC oznacza, że nadawca ma dla odbiorcy pilną wiadomość. Jest to szersze użycie kodu Q, nie tylko w kontekście żeglugi, ale także w amatorskim radiu. Znaczenie tego kodu jest przydatne w sytuacjach, gdy krótkofalowiec chciałby przekazać pilne informacje do innego operatora.</p>",gpt-4
18,Co oznacza wg kodu Q symbol QSO?,,moje położenie geograficzne jest…,"łączność, mam łączność",siła twoich sygnałów waha się,b,"<p>b. łączność, mam łączność</p> <p>Symbol QSO w kodzie Q oznacza, że jest możliwa łączność. To jest standardowy termin używany w komunikacji radiowej, szczególnie przez radiooperatorów amatorskich, do wskazania, że mają łączność ze sobą.</p>",gpt-4
19,Co oznacza wg kodu Q symbol QSL?,,potwierdzam odbiór / przyślę kartę potwierdzającą łączność,nadawaj szybciej,słucham na częstotliwości,a,"<p>Odpowiedź a. QSL oznacza &quot;potwierdzam odbiór / przyślę kartę potwierdzającą łączność&quot;.</p> <p>Kod Q jest międzynarodowym skróconym kodem radiowym, mającym na celu ułatwić komunikację, zwłaszcza w obecności zakłóceń. QSL jest często używane w komunikacji amatorskiej radiowej, aby potwierdzić, że komunikat został poprawnie odbierany. Karta QSL jest tradycyjnym sposobem potwierdzania łączności przez radioamatorów.</p>",gpt-4
20,Co oznacza skrót slangu radioamatorskiego RX?,,antena pionowa,odbiornik,klucz elektroniczny,b,<p>Odpowiedź: b. odbiornik</p> <p>Skrót RX w słownictwie radioamatorskim oznacza odbiornik (&quot;receiver&quot; w języku angielskim).</p>,gpt-4
21,Co oznacza skrót slangu radioamatorskiego Unlis?,,nielicencjonowany nadawca,zakłócenia w odbiorze telewizji,zawody w łowach na lisa,a,"<p>Odpowiedź a. nielicencjonowany nadawca</p> <p>Slang radioamatorski, zwany także jargotem ham, zawiera wiele skrótów i terminów specyficznych dla tej grupy. Unlis to skrót od &quot;unlicensed&quot; co oznacza nielicencjonowany. W tym kontekście, Unlis oznacza nielicencjonowanego nadawcę, czyli osobę, która nadaje bez odpowiedniej licencji. Jest to praktyka niezgodna z prawem i surowo zakazana w większości krajów. Zawody w łowach na lisa to raczej impreza społecznościowa niż określenie osoby. Zakłócenia w odbiorze telewizji związane są raczej z technicznymi problemami sprzętu niż konkretnym działaniem osoby.</p>",gpt-4
22,Co oznacza skrót slangu radioamatorskiego YL?,,antena z linki miedzianej,czas uniwersalny,panna - młoda pani,c,"<p>Odpowiedź c. panna - młoda pani</p> <p>YL to skrót od Young Lady, co w slangu radioamatorskim oznacza młodą panię. Jest to jedno z często używanych określeń w komunikacji między radioamatorami.</p>",gpt-4
23,Co oznacza skrót slangu radioamatorskiego RPT?,,"proszę powtórzyć, powtórzę, powtarzam",proszę,przechodzę na inny kanał,a,"<p>Odpowiedź a. &quot;proszę powtórzyć, powtórzę, powtarzam&quot;</p> <p>Wybrałem tę odpowiedź, ponieważ RPT w slangu radioamatorskim oznacza prośbę o powtórzenie wiadomości. Jest to używane w przypadkach, gdy sygnał jest słaby lub zakłócony, i operator radia nie był w stanie zrozumieć wiadomości za pierwszym razem.</p>",gpt-4
24,Kiedy należy podawać raport o słyszalności?,,na początku łączności i na życzenie korespondenta,w odstępach 5-10 minut,po każdym przekazaniu mikrofonu,a,"<p>Odpowiedź a. na początku łączności i na życzenie korespondenta</p> <p>Raport o słyszalności, znany również jako raport RST, jest podawany na początku łączności radiowej, aby poinformować korespondenta o jakości odbioru sygnału. W standardowej praktyce, dodatkowe raporty mogą być podawane na życzenie korespondenta, np. gdy zauważy zmiany w jakości odbioru. Nie ma potrzeby podawania raportu o słyszalności w odstępach czasu ani po każdym przekazaniu mikrofonu, chyba że jest to wyraźnie zasugerowane lub poproszone przez korespondenta.</p>",gpt-4
25,Czy po uzyskaniu świadectwa operatora urządzeń radiowych można samodzielnie obsługiwać stację amatorską?,,"można, ale tylko pod nadzorem radioamatora posiadającego pozwolenie radiowe","można, w określonych przepisami zakresach częstotliwości","nie można, ponieważ do obsługi stacji amatorskiej upoważnia jedynie pozwolenie radiowe",b,"<p>c. nie można, ponieważ do obsługi stacji amatorskiej upoważnia jedynie pozwolenie radiowe</p> <p>Wybrałem tę odpowiedź, ponieważ zgodnie z polskim prawem, do obsługi stacji radiowej amatorskiej nie wystarczy tylko świadectwo operatora urządzeń radiowych, ale potrzebne jest również odpowiednie pozwolenie radiowe. Świadectwo operatora urządzeń radiowych jest jedynie kwalifikacją potwierdzającą umiejętność obsługi urządzeń radiowych, natomiast pozwolenie radiowe jest oficjalną zgoda regulacyjna na eksploatację określonej stacji lub systemu radiowego.</p>",gpt-4
26,Co to jest znak wywoławczy?,,jest to symbol określający typ (model) stacji amatorskiej,jest to hasło pozwalające wywołać konkretnego rozmówcę,jest to kombinacja liter i cyfr stanowiąca unikalny w skali światowej identyfikator stacji amatorskiej,c,"<p>Odpowiedź c. Znak wywoławczy to kombinacja liter i cyfr, która stanowi unikalny w skali światowej identyfikator stacji amatorskiej. Wykorzystywany jest w radiotelefonii, aby jednoznacznie zidentyfikować każdą stację.</p>",gpt-4
27,Czym jest LOG?,,jest to dziennik stacji amatorskiej zawierający informacje o korespondencji z innymi radiostacjami amatorskimi,jest to informacja o procedurach obowiązujących podczas łączności z innymi stacjami,jest to informacja o kontroli radiostacji przez inspektorów UKE,a,"<p>Odpowiedź a. LOG jest to dziennik stacji amatorskiej zawierający informacje o korespondencji z innymi radiostacjami amatorskimi.</p> <p>Wybrałem tę odpowiedź, ponieważ LOG w kontekście radiooperatorstwa jest zwykle używany do zapisywania informacji na temat indywidualnych połączeń z innymi stacjami. Umożliwia to radiooperatorom śledzenie swoich aktywności oraz ewentualne sprawdzenie szczegółów dotyczących konkretnego połączenia. Informacje te mogą obejmować datę i godzinę połączenia, używane częstotliwości, lokalizację drugiej stacji i inne szczegóły. Odpowiedzi b i c nie są prawidłowe, ponieważ LOG nie jest związany z procedurami lub kontrolą przez agencje regulacyjne.</p>",gpt-4
28,Czy prowadzenie dziennika łączności jest obowiązkowe?,,jest to podstawowy obowiązek każdego radioamatora,"prowadzenie logu nie jest obowiązkowe, lecz wskazane",prowadzenie dziennika łączności może być nakazane jako zalecenie pokontrolne inspektorów ochrony środowiska,b,"<p>Odpowiedź a. Jest to podstawowy obowiązek każdego radioamatora.</p> <p>Podstawowy obowiązek radiooperatora to utrzymanie odpowiednich zapisów dotyczących łączności radiowej. W prawie radioamatorskim określono, że każdy radioamator jest zobowiązany do prowadzenia dziennika łączności (logu), który stanowi rejestr prowadzonej łączności. Wiążę się to z odpowiedzialnością za wykorzystywane częstotliwości i zachowanie odpowiednich norm podczas prowadzenia łączności.</p>",gpt-4
29,Co znaczy określenie czas uniwersalny UTC?,,"czas odpowiadający południkowi zerowemu (GMT), stosowany przez radioamatorów do odnotowania w logu godz. łączności",czas w którym nie należy nawiązywać QSO,czas w którym można nawiązywać łączności z krajami europejskimi,a,"<p>Odpowiedź a. czas odpowiadający południkowi zerowemu (GMT), stosowany przez radioamatorów do odnotowania w logu godz. łączności</p> <p>Czas uniwersalny (UTC - Universal Time Coordinated) to skoordynowany czas uniwersalny, który jest standardem przyjętym na całym świecie. Jest on zbieżny z czasem na południku zerowym (inaczej zwanym Greenwich Mean Time - GMT), który biegnie przez obserwatorium w Greenwich koło Londynu. Stosowany jest m.in. w lotnictwie, żegludze, komunikacji radiowej, etc. Radioamatorzy używają go do zapisu godzin łączności w logach, aby uniknąć pomyłek wynikających ze stref czasowych.</p>",gpt-4
30,Co to jest międzynarodowy kod Q?,,"zbiór symboli składających się z 3 liter, zaczynających się zawsze na literę Q, którym przypisane są proste zdanie lub słowa",symbole składające się z litery Q i 2-3 cyfr określających jakość odbieranego sygnału,wykaz zawierający prefiksy znaków wywoławczych wg ITU,a,"<p>a. zbiór symboli składających się z 3 liter, zaczynających się zawsze na literę Q, którym przypisane są proste zdanie lub słowa</p> <p>Wybrano tę odpowiedź, ponieważ międzynarodowy kod Q to zestaw trzyliterowych kodów zaczynających się na literę &quot;Q&quot;. Są one wykorzystywane przez operatorów radiowych do przekazywania wyrażeń i zdań w sposób uproszczony i jednolity. Na przykład, &quot;QSO&quot; oznacza &quot;Czy mogę z Tobą rozmawiać?&quot; a &quot;QRZ&quot; oznacza &quot;Kto mnie woła?&quot;. Opcje b i c nie odpowiadają poprawnej definicji kodów Q.</p>",gpt-4
31,Do czego służy międzynarodowy kod Q?,,podania informacji o czasie rozpoczęcia łączności,skrócenia czasu nadawania informacji,informowania o sile odbieranego sygnału radiowego,b,"<p>b. skrócenia czasu nadawania informacji</p> <p>Międzynarodowy kod Q jest używany w łączności radiowej, szczególnie w telegrafii, do przekazywania standardowych informacji w skróconej formie. Dzięki temu możliwe jest skrócenie czasu nadawania i zwiększenie efektywności komunikacji.</p>",gpt-4
32,Co oznacza wg kodu Q symbol QRL?,,"źle się czuję, odezwę się później","jestem zajęty, proszę nie przeszkadzać",do zobaczenia latem,b,"<p>Odpowiedź b. jestem zajęty, proszę nie przeszkadzać.</p> <p>Kod Q jest międzynarodowym językiem radiokomunikacyjnym stosowanym zarówno przez operatorów radiowych jak i radioamatorów. QRL jest jednym z tych kodów i oznacza &quot;jestem zajęty, proszę nie przeszkadzać&quot;.</p>",gpt-4
33,Co oznacza wg kodu Q symbol QRT?,,która jest godzina,"kończę nadawanie, wyłączam stację",nadawaj wolniej,b,"<p>Odpowiedź to b. &quot;kończę nadawanie, wyłączam stację&quot;.</p> <p>Kod QRT to część międzynarodowego kodu Q, który jest używany przez operatorów radiowych. Kod ten jest zrozumiały dla operatorów z różnych krajów, niezależnie od języka, którym się posługują. QRT oznacza, że operator zamierza zakończyć nadawanie i wyłączyć swoją stację.</p>",gpt-4
34,Co oznacza wg kodu Q symbol QRZ?,,zmień częstotliwość na zapasową,kto mnie woła,"jestem zajęty, proszę nie przeszkadzać",b,"<p>Odpowiedź b. &quot;kto mnie woła&quot;</p> <p>Kod Q to system skrótów stosowany w łączności radiowej, zwłaszcza w łączności międzynarodowej. Symbol QRZ to skrót, który jest używany do zapytania &quot;kto mnie woła?&quot; jest to standard w łączności radiowej, szczególnie w przypadku niezrozumienia lub nieusłyszenia identyfikatora stacji wołającej.</p>",gpt-4
35,Co oznacza wg kodu Q symbol QRX?,,proszę czekać,nadawaj wolniej,mam zakłócenia od innych stacji,a,"<p>Odpowiedź to a. &quot;proszę czekać&quot;.</p> <p>Kod Q to zestaw międzynarodowych skrótów komunikacyjnych używanych przez operatorów radiowych. QRX oznacza &quot;Czy mam czekać?&quot; lub &quot;Proszę czekać&quot;. Te kody są używane w celu uproszczenia i przyspieszenia komunikacji. W tym kontekście, QRX jest używane, gdy operator chce powiedzieć innej stacji, żeby czekała na dalsze instrukcje.</p>",gpt-4
36,Co oznacza wg kodu Q symbol QRO?,,nic dla ciebie nie mam,"zwiększ moc, zwiększam moc","przerwij nadawanie, kończę pracę",b,"<p>Odpowiedź: b. zwiększ moc, zwiększam moc</p> <p>Znaki kodu Q są międzynarodowymi skrótami stosowanymi w telekomunikacji radiowej. Kod QRO oznacza zwiększenie mocy nadawania. Jest to szczególnie przydatne w sytuacjach, gdy warunki propagacji są trudne lub gdy odbierający ma problemy z interpretacją sygnału.</p>",gpt-4
37,Który z poniższych kodów Q oznacza: Moja częstotliwość jest…?,,QRJ,QRG,QRK,b,"<p>Odpowiedź B: QRG.</p> <p>Tłumaczenie: Kody Q zostały wprowadzone przez International Telecommunication Union (ITU) w celu uproszczenia komunikacji. QRJ oznacza &quot;Czy odbierasz mnie słabo?&quot;, QRK oznacza &quot;Jak oceniasz zrozumiałość mojego sygnału?&quot;, natomiast QRG oznacza &quot;Moja częstotliwość jest…&quot;.</p>",gpt-4
38,"Który z poniższych kodów Q oznacza: Przejdź na częstotliwość, zmień częstotliwość?",,QSY,QTR,QSA,a,"<p>Odpowiedź a. QSY - jest to standardowy kod Q który oznacza &quot;zmień częstotliwość&quot; lub &quot;przejdź na inną częstotliwość&quot;. Kod Q został stworzony dla ułatwienia komunikacji, szczególnie w dziedzinie radiokomunikacji. Inne kody Q podane w pytaniu mają inne znaczenia: QTR oznacza &quot;poprawny czas&quot; a QSA &quot;intensywność sygnału&quot;.</p>",gpt-4
39,Który z poniższych kodów Q oznacza: Mam zakłócenia od innych stacji?,,QWO,QQQ,QRM,c,"<p>Odpowiedź c. QRM</p> <p>Kod QRM w radiotelegrafii i radiotelefonii oznacza &quot;Mam zakłócenia od innych stacji&quot;. Jest to standardowy kod Q, służący do uproszczenia i ujednolicenia komunikacji radiowej, zwłaszcza w sytuacjach, gdy połączenie jest niejednoznaczne lub zakłócone.</p>",gpt-4
40,Który z poniższych kodów Q oznacza: Siła twoich sygnałów waha się?,,QSB,QAZ,QRY,a,"<p>Odpowiedź to a. QSB</p> <p>Kod QSB jest kodem Q używanym w radiotelegrafii i radiotelefoni do oznaczania, że siła sygnałów się waha. Kody Q zostały stworzone przez Międzynarodową Unię Telekomunikacyjną (ITU), która jest agendą ONZ odpowiedzialną za standardy telekomunikacyjne. Kody Q są skróconym sposobem komunikacji i mają na celu usprawnienie wymiany informacji, szczególnie w warunkach szumów i zakłóceń. Pozostałe kody (QAZ, QRY) nie mają przypisanych standardowych znaczeń w międzynarodowym systemie kodów Q.</p>",gpt-4
41,"Który z poniższych kodów Q oznacza: Jestem gotów do pracy, jestem czynny w eterze?",,QWX,QRV,QRU,b,"<p>b. QRV</p> <p>Kod QRV jest używany w komunikacji telegraficznej i radiowej do przekazania informacji &quot;Jestem gotów do pracy, jestem czynny w eterze&quot;. Pozostałe kody Q mają inne znaczenia, więc nie mogą być prawidłową odpowiedzią na to pytanie.</p> <p>Jest to pytanie spoza obszaru matematyki, dlatego nie jest potrzebny żaden kod Python do udzielenia na nie odpowiedzi.</p>",gpt-4
42,Który z poniższych kodów Q oznacza: Moje położenie geograficzne jest…?,,QLP,QRG,QTH,c,"<p>Odpowiedź to c. QTH.</p> <p>Kody Q są zestawem skrótów używanych przez radiooperatorów, pierwotnie opracowanych dla szybkiego przesyłania informacji podczas telegrafii Morse'a.</p> <p>Kod QTH odnosi się do położenia geograficznego.</p>",gpt-4
43,"Który z poniższych kodów Q oznacza: Zmniejsz moc, zmniejszam moc?",,QUB,QRA,QRP,c,"<p>Odpowiedź to c. QRP</p> <p>Kod QRP używany jest w radiotelegrafii i radiotelefoni, oznacza &quot;Zmniejsz moc, zmniejszam moc&quot;. Jest to standardowy kodzik wykorzystywany w komunikacji radiowej między operatorami. Ponadto jest też nazwą dla stylu pracy radiowej polegającej na operowaniu z niskim poziomem mocy. Kody QRA i QUB nie mają nic wspólnego ze zmniejszaniem mocy w kontekście radiotelegrafii czy radiotelefoni.</p>",gpt-4
44,"Który z poniższych kodów Q oznacza: Mam dla ciebie telegram, wiadomość?",,QRT,QTC,QSV,b,"<p>Odpowiedź to: b. QTC</p> <p>Wybór tej odpowiedzi jest podyktowany znaczeniem kodu QTC w radiofonii. Kod QTC oznacza &quot;Mam dla ciebie wiadomość&quot; lub &quot;Mam dla ciebie telegram&quot;. Pozostałe kody: QRT oznacza &quot;Przestań nadawać&quot;, a QSV oznacza &quot;Czy mam nadawać ci więcej testów?&quot;.</p>",gpt-4
45,"Który z poniższych kodów Q oznacza: Łączność, mam łączność?",,QSL,QSO,QRS,b,"<p>Odpowiedź to b. QSO.</p> <p>Tzw. kody Q to zbiór skrótów wykorzystanych w komunikacji radiowej, zwłaszcza amatorskiej. QSO oznacza nawiązany kontakt radiowy, czyli łączność. QSL oznacza potwierdzenie odbioru komunikatu, a QRS wołanie o zwolnienie tempa nadawania.</p>",gpt-4
46,"Który z poniższych kodów Q oznacza: Potwierdzam odbiór, przyślę kartę potwierdzającą łączność?",,QSL,QSA,QRT,a,"<p>Odpowiedź to: a. QSL</p> <p>Kod QSL jest stosowany przez operatorów radiowych na całym świecie, aby potwierdzić odbiór komunikacji. To oznacza: Potwierdzam odbiór, przyślę kartę potwierdzającą łączność.</p> <p>QSA i QRT są innymi kodami Q używanymi w łączności radiowej, ale mają inne znaczenia:</p> <ul> <li>QSA oznacza jak mocno odbierany jest sygnał.</li> <li>QRT oznacza, że operator przestaje nadawać i słuchać.</li> </ul>",gpt-4
47,Co oznaczają skróty slangu radioamatorskiego: BAND; CFM?,,pasmo; potwierdzam,zakres; godzina,raport; popołudnie,a,"<p>Odpowiedź a. &quot;pasmo; potwierdzam&quot;</p> <p>Skrót BAND w slangu radioamatorskim oznacza &quot;pasmo&quot;, czyli szerokość pasma częstotliwości na których może pracować dany urządzenie lub system telekomunikacyjny. Z kolei CFM to skrót od słowa &quot;confirm&quot;, które w radiowej komunikacji oznacza &quot;potwierdzam&quot;. Skróty te są często używane w komunikacji radiowej, zwłaszcza w sytuacjach awaryjnych lub kiedy wymagana jest szybka i efektywna komunikacja.</p>",gpt-4
48,Co oznaczają skróty slangu radioamatorskiego: BK; CALL?,,później; kalibrator,przerwa; znak wywoławczy,stop; odebrałem wszystko,b,"<p>Odpowiedź b. Przerwa; znak wywoławczy.</p> <p>Skrót BK w slangu radioamatorskim oznacza &quot;Break&quot; który jest używany do sygnalizowania przerwy w transmisji. Z drugiej strony, CALL oznacza &quot;znak wywoławczy&quot;, który jest unikalnym identyfikatorem dla każdej stacji radiowej. Wybieram tą odpowiedź ponieważ najlepiej pasuje do znaczenia danych skrótów w kontekście radioamatorstwa.</p>",gpt-4
49,Co oznaczają skróty slangu radioamatorskiego: BEST; DX?,,daleki; niezły,najlepszy; daleka łączność,dobry; szybki,b,"<p>Odpowiedź b. najlepszy; daleka łączność</p> <p>Terminologia radioamatorska jest specyficzna dla tej społeczności. &quot;BEST&quot; jest skrótem od słowa &quot;najlepszy&quot;, natomiast &quot;DX&quot; jest skrótem stosowanym w radiokomunikacji, który oznacza &quot;daleka łączność&quot;. Oznacza to, że radiooperator ma styczność z dalekimi lub trudno dostępnymi stacjami radiowymi.</p>",gpt-4
50,Co oznaczają skróty slangu radioamatorskiego: BCI; BOX?,,zakłócenia odbioru radiowego; skrytka pocztowa,zakłócenia od sieciowe; radiolatarnia amatorska,podaj dokładny czas; zmieniam kanał radiowy,,"<p>Odpowiedź to a. BCI to skrót od Broadcast Interference, co oznacza zakłócenia odbioru radiowego, a BOX to slangowe określenie skrytki pocztowej. Te terminy są często używane w komunikacji radioamatorskiej i są dobrze znane przez doświadczonych operatorów.</p>",gpt-4
51,Co oznaczają skróty slangu radioamatorskiego: OK; NAME?,,"stary, nie przeszkadzaj; moje nazwisko jest",wszystko w porządku; imię,przestrajam się; podaj adres,b,"<p>b. wszystko w porządku; imię</p> <p>Jest to odpowiedź do tego pytania, ponieważ skrót &quot;OK&quot; jest powszechnie używany i znany na całym świecie, oznaczającym &quot;wszystko w porządku&quot;. Skrót &quot;NAME&quot; we slangu radiowym oznacza &quot;imię&quot;, skierowane do drugiej osoby w rozmowie radiowej, aby ta podała swoje imię. Są to podstawowe pojęcia z zakresu komunikacji radiowej, które każdy radioamator powinien znać.</p>",gpt-4
52,Co oznaczają skróty slangu radioamatorskiego: SWR; RX?,,pasmo w metrach; antena pionowa,współczynnik fali stojącej; odbiornik,nasłuchowiec; klucz elektroniczny,b,"<p>Odpowiedź: b. współczynnik fali stojącej; odbiornik</p> <p>SWR (Standing Wave Ratio) to współczynnik fali stojącej, który jest miarą skuteczności przesyłania energii od źródła do anteny. RX to skrót używany w radiokomunikacji oznaczający odbiornik. Pozostałe odpowiedzi nie pasują do podanych skrótów.</p>",gpt-4
53,"Które z poniższych skrótów slangu radioamatorskiego oznaczają: Panna, młoda pani; czas uniwersalny?",,YL; UTC,XYL; UT,LY; TRO,a,"<p>Odpowiedź a. YL; UTC</p> <p>Wybrałem tę odpowiedź, ponieważ: YL to skrót od Young Lady, co oznacza młodą pannę w slangu radioamatorskim. UTC to skrót od Coordinated Universal Time, co oznacza czas uniwersalny. To jest standardowy system czasu, który jest stosowany na całym świecie.</p>",gpt-4
54,Co oznaczają skróty slangu radioamatorskiego: PSE; RPT?,,"proszę; powtórzyć, powtórzę, powtarzam",proszę; zmieniam pasmo o 10 kHz,przechodzę na inny kanał; raport podam na koniec łączności,a,"<p>Odpowiedź a. proszę; powtórzyć, powtórzyć, powtarzam</p> <p>Wybrałem tę odpowiedź, ponieważ skróty &quot;PSE&quot; i &quot;RPT&quot; są często używane w komunikacji radioamatorskiej. &quot;PSE&quot; jest skrótem od &quot;please&quot;, co w slangu radioamatorskim oznacza &quot;proszę&quot;. Z kolei &quot;RPT&quot; jest skrótem od &quot;repeat&quot;, co w tym kontekście oznacza &quot;powtórz&quot;. Dlatego uważam, że odpowiedź a. jest najbardziej prawidłowa.</p>",gpt-4
55,Co oznaczają skróty slangu radioamatorskiego: 99; UTC?,,pozdrawiam; czas ukraiński,ściskam dłoń; mam pilną wiadomość,"idź precz, przepadnij; czas uniwersalny",,"<p>Odpowiedź c. skrót 99 w slangu radioamatorskim oznacza &quot;idź precz, przepadnij&quot;, a UTC to skrót od angielskiego &quot;Universal Time Coordinated&quot;, co tłumaczy się na polski jako &quot;czas uniwersalny&quot;. Odpowiedzi a. i b. są niepoprawne. Skrót UTC nie oznacza &quot;czas ukraiński&quot; ani &quot;mam pilną wiadomość&quot;, a skrót 99 nie oznacza &quot;pozdrawiam&quot; ani &quot;ściskam dłoń&quot;.</p>",gpt-4
56,Co oznaczają skróty slangu radioamatorskiego: LOG; DIRECT?,,długa antena; dyrektor,dziennik pracy stacji; bezpośrednio,długi; bezpośredni kontakt,b,"<p>Wybieram odpowiedź b. &quot;dziennik pracy stacji; bezpośrednio&quot;.</p> <p>LOG w slang radioamatorskim oznacza dziennik pracy stacji, gdzie radioamatorzy zapisują wszystkie informacje dotyczące wykonanych połączeń, takie jak data, czas, pasmo, używane wywołanie, raporty sygnału i inne szczegóły.</p> <p>DIRECT oznacza metodę wysyłania bądź otrzymywania korespondencji wynikającej z QSO bezpośrednio do jednej strony, z pominięciem biura QSL. Oznacza to, że korespondencja jest wysyłana bezpośrednio do adresata, a nie przez pośrednika.</p>",gpt-4
57,Co to jest raport R S stosowany podczas łączności fonicznych?,,informacja o stanie technicznym radiostacji,informacja o stanie pogody przekazana w postaci zakodowanej,informacja o jakości odbieranego sygnału radiowego - czytelności i sił sygnału wyrażana w postaci cyfr,c,"<p>Wybrałem odpowiedź c. Raport R S to informacja o jakości odbieranego sygnału radiowego - czytelności (R) i sił sygnału (S). Jest to standardowy system oceny, który ma na celu przekazanie informacji o jakości sygnału pomiędzy dwoma radiostacjami. Nie ma to nic wspólnego z stanem technicznym stacji (odpowiedź a) ani z przekazaniem stanu pogody (odpowiedź b).</p>",gpt-4
58,Co to jest raport R S T stosowany podczas łączności telegraficznych?,,informacja o stanie technicznym radiostacji,"informacja o jakości odbieranego sygnału radiowego - czytelności, siły i tonu akustycznego sygnału",informacja o stanie pogody,b,"<p>b. informacja o jakości odbieranego sygnału radiowego - czytelności, siły i tonu akustycznego sygnału</p> <p>Explicación: El informe R S T es un sistema estándar utilizado por los operadores de radio para intercambiar información sobre la calidad de una señal de radio. R (Readability) denota cuán comprensible es el mensaje, S (Strength) denota la fuerza de la señal y T (Tone) denota la calidad tonal de la señal, especialmente importante en las comunicaciones por telegrafía. No tiene nada que ver con el estado técnico de la estación de radio o el estado del tiempo.</p>",gpt-4
59,Co oznaczają w raporcie o słyszalności i jakości sygnałów korespondenta litery R S,,"R - jakość sygnału, S- słyszalność","R - stabilność sygnału, S- siła sygnału","R - czytelność, S - siła sygnału",c,"<p>Odpowiedź c. R - czytelność, S - siła sygnału</p> <p>W raporcach radiowych, litera R oznacza &quot;Readability&quot; (czytelność), a S oznacza &quot;Strength&quot; (siłę sygnału). Te statystyki pomagają operatorom ocenić, jak dobrze korespondent jest w stanie odbierać ich transmisje.</p>",gpt-4
60,Co oznaczają w raporcie o słyszalności i jakości sygnałów korespondenta litery R S T?,,"R - czytelność, S - siła sygnału, T - ton sygnału","R - jakość sygnału, S - słyszalność, T - częstotliwość","R - stabilność sygnału, S - siła sygnału, T - ton sygnału",a,"<p>Odpowiedź a. R - czytelność, S - siła sygnału, T - ton sygnału</p> <p>Wybrałem tę odpowiedź, ponieważ RST jest międzynarodowym systemem używanym w radiokomunikacji, gdzie R oznacza Readability (czytelność), S oznacza Strength (siła sygnału), a T oznacza Tone (ton) w przypadku transmisji Morse'a.</p>",gpt-4
61,Jaka jest skala czytelności i skala siły sygnału w raporcie R S?,,skala czytelności 1-5 i skala siły sygnału 1-9,skala czytelności 1-9 i skala siły sygnału 1-5,skala czytelności 0-5 i skala siły sygnału 0-9,a,"<p>Odpowiedź a. skala czytelności 1-5 i skala siły sygnału 1-9</p> <p>W radioamatorskiej procedurze QSK, używanej do oceny jakości odbieranego sygnału, skala czytelności (R) wynosi od 1 do 5, a skala siły sygnału (S) wynosi od 1 do 9. Dlatego na podstawie praktyki i standardu, wybieram odpowiedź &quot;a&quot;.</p>",gpt-4
62,Co oznacza w łączności fonicznej raport 59?,,"dobrze czytelny, bardzo silny sygnał","czytelny, silny sygnał","słaby, czytelny z trudnościami sygnał",a,"<p>Odpowiedź a. dobrze czytelny, bardzo silny sygnał</p> <p>W łączności radiowej, raport 59 oznacza, że odbierany sygnał jest czytelny (cyfra 5) i bardzo silny (cyfra 9). Jest to stosowane w skali RST, gdzie R oznacza Readability (czytelność), a S to Strength (siła). Inne wartości skali RST mogą wskazywać na różne stany sygnału - na przykład 53 oznaczałoby, że sygnał jest czytelny, ale tylko umiarkowanie silny.</p>",gpt-4
63,Co oznacza w łączności fonicznej raport 43?,,"dobrze czytelny, bardzo silny sygnał","czytelny, słaby sygnał","czytelny z trudnościami, słaby sygnał",b,"<p>Odpowiedź a. dobrze czytelny, bardzo silny sygnał</p> <p>Raporty w łączności fonicznej są zazwyczaj podawane w skali od 1 do 5. Pierwsza cyfra oznacza jakość odbioru (czystość sygnału), a druga cyfra to siła sygnału. Raport 43 oznacza, że odbiór sygnału jest dobrej jakości (4 na 5) i silny (3 na 5).</p>",gpt-4
64,Co oznacza w łączności telegraficznej raport 599?,,"czytelny, silny sygnał, dobry ton","dobrze czytelny, bardzo silny sygnał, bardzo dobry ton","czytelny z trudnościami, sygnał słaby, dobry ton",b,"<p>Odpowiedź b. dobrze czytelny, bardzo silny sygnał, bardzo dobry ton</p> <p>W łączności telegraficznej, raport 599 oznacza ocenę trzech aspektów sygnału: czytelności (5), siły (9) i jakości tonu (9). Każda z tych liczb jest oceniana na skali od 1 do 9, gdzie 1 oznacza najgorszy możliwy stan, a 9 - najlepszy.</p> <p>Więc 599 oznacza, że sygnał jest dobrze czytelny (5), bardzo silny (9) oraz ma bardzo dobry ton (9).</p>",gpt-4
65,Co oznacza w łączności telegraficznej raport 438?,,"dobrze czytelny, bardzo silny sygnał, dobry ton","czytelny z trudnościami, słaby sygnał, bardzo dobry ton","czytelny, słaby sygnał, dobry ton sygnału",c,"<p>Odpowiedź na to pytanie znajduje się w systemie raportów RST wykorzystywanym w łącznościach radiowych, w szczególności w łącznościach amatorskich. Każda cyfra w raporcie oznacza coś innego:</p> <ol> <li>Pierwsza cyfra oznacza czytelność sygnału, na skali od 1 do 5.</li> <li>Druga cyfra oznacza siłę sygnału, na skali od 1 do 9.</li> <li>Trzecia cyfra oznacza jakość tonu sygnału, na skali od 1 do 9, choć w praktyce najczęściej jest to zapisywane jako 1 (niedobra), 9 (doskonała) lub X (brak).</li> </ol> <p>W związku z powyższym raport &quot;438&quot; w łączności telegraficznej oznacza: &quot;Czytelny sygnał z trudnościami (4/5), silny sygnał (3/9), dobra jakość tonu sygnału (8/9)&quot;. Stąd najbliżej prawdy jest odpowiedź 'c'.</p>",gpt-4
66,Co to jest okręg wywoławczy?,,"obszar, na którym pracuje maksimum 1000 radiostacji amatorskich",obszar odpowiadający podziałowi terytorialnemu Polski na województwa,zwyczajowo przyjęty obszar w granicach jednego lub dwóch województw,c,"<p>Okręg wywoławczy to c. zwyczajowo przyjęty obszar w granicach jednego lub dwóch województw. Wybrałem tę odpowiedź, ponieważ okręgi wywoławcze są ustalane na podstawie geograficznej lokalizacji, a nie na podstawie liczby radiostacji amatorskich lub ścisłego podziału terytorialnego kraju. Zostały one zaprojektowane w celu łatwej identyfikacji lokalizacji stacji nadawczej.</p>",gpt-4
67,Co to jest bandplan IARU?,,"umowny podział zakresów częstotliwości na segmenty przeznaczone dla poszczególnych rodzajów emisji lub kanały robocze, zalecany przez IARU",podział częstotliwości osobno nadawczych i odbiorczych,plan przydziału częstotliwości dla poszczególnych krajów,a,"<p>Wybieram odpowiedź a.</p> <p>Bandplan IARU to umowny podział zakresów częstotliwości na segmenty przeznaczone dla poszczególnych rodzajów emisji lub kanały robocze, zalecany przez International Amateur Radio Union (IARU). Jest to globalne porozumienie służące do zapewnienia, że wszyscy operatorzy radiowi używają częstotliwości w sposobie spójnym i zgodnym z celami harmonizacji częstotliwości na całym świecie. Inne odpowiedzi są nieprawidłowe, ponieważ nie odnoszą się do specyfiki bandplanu IARU.</p>",gpt-4
68,Transmisja prowadzona w sposób sprzeczny z bandplanem IARU jest: ,,Naruszeniem prawa i może powodować utratę pozwolenia i konsekwencje karne,"Jest całkowicie dopuszczalna, bandplan IARU nie ma współcześnie poważnego znaczenia",Jest dopuszczalna ale stanowi naruszenie dobrych obyczajów panujących wśród krótkofalowców,c,"<p>Odpowiedź a. Naruszeniem prawa i może powodować utratę pozwolenia i konsekwencje karne.</p> <p>Dlaczego?</p> <p>Bandplan IARU (Międzynarodowej Unii Radioamatorskiej) jest ogólnie przyjętym planem, który reguluje jak częstotliwości powinny być używane przez krótkofalowców. Naruszenie bandplanu, może być uznane za naruszenie prawa, zależnie od regulacji w danym kraju. Prowadzenie transmisji sprzecznej z bandplanem, może prowadzić do interferencji z innymi użytkownikami tych samych pasm, co jest uważane za naruszenie. W niektórych krajach, naruszenie może prowadzić do konsekwencji prawnych, włącznie z utratą pozwolenia na prowadzenie transmisji.</p>",gpt-4
69,Czy na całym świecie obowiązuje ten sam bandplan wydawany przez IARU?  ,,"tak, krótkofalowcy na całym świecie pracują na tych samych częstotliwościach","nie, każdy kraj wydaje swój własny bandplan na podstawie zaleceń IARU",IARU zaleca odrębny bandplan dla każdego z trzech regionów z uwzględnieniem dla danego regionu zakresu częstotliwości,,"<p>Wybieram odpowiedź c. IARU zaleca odrębny bandplan dla każdego z trzech regionów z uwzględnieniem dla danego regionu zakresu częstotliwości.</p> <p>IARU, czyli Międzynarodowa Unia Radiaamatorska, zaleca różne plany pasm (bandplans) dla trzech regionów świata. Regiony te obejmują różne geograficzne obszary na świecie, a zalecenia są zgodne z wyznaczonym dla danego regionu zakresem częstotliwości. To oznacza, że istnieją różne plany pasm dla różnych obszarów, co pozwala na bardziej efektywne i harmonijne wykorzystanie zakresów częstotliwości.</p>",gpt-4
70,Bandplan IARU jest:,,zaleceniem IARU,przepisem powszechnie obowiązującym,wydawaną przez IARU dyrektywą wprowadzaną do porządku krajowego w Krajowej Tablicy Przeznaczeń Częstotliwości,a,"<p>Odpowiedź a. Bandplan IARU jest zaleceniem IARU.</p> <p>Bandplan IARU (Międzynarodowa Unia Radioamatorska) jest jedynie zaleceniem dla radiooperatorów i stacji radiowych. W rzeczywistości, jest to zbiór kursów postępowania, które zostały zaakceptowane przez społeczność radioamatorską w celu zapewnienia skutecznej koordynacji i uniknięcia interferencji między różnymi użytkownikami pasm radiowych. Chociaż zalecenia te nie mają mocy prawnej, są powszechnie uznawane i stosowane przez radiooperatorów na całym świecie.</p>",gpt-4
71,"Słyszysz międzynarodową łączność związaną z katastrofą, koordynację działań ratowniczych lub podobne łączności. Co zrobisz?",,"Zaraportujesz niedozwolone użycie pasm amatorskich do koordynatora monitoringu IARU,","Zrobisz zwykłą łączność oczekując raportu i typowych informacji,","Nie przeszkadzasz, słuchasz dalej. Jeśli jest to uzasadnione - możesz dołączyć do pomocy przy organizacji łączności",c,"<p>Odpowiedź c. Nie przeszkadzasz, słuchasz dalej. Jeśli jest to uzasadnione - możesz dołączyć do pomocy przy organizacji łączności</p> <p>Wybrałem tę odpowiedź, ponieważ w sytuacjach ekstremalnych, takich jak katastrofy, najważniejszym priorytetem jest zapewnienie efektywnej komunikacji między zespołami ratowniczymi. Radioamatorzy często mają możliwość dołączenia do takiej komunikacji i mogą pomóc w tej sytuacji, zamiast zgłaszać ewentualne naruszenie do koordynatora monitoringu IARU. Oczywiście, nie powinni oni przeszkadzać w łączności, jeśli nie są w stanie przyczynić się do pomocy.</p>",gpt-4
72,Znak stacji amatorskiej jest niepowtarzalny w skali ,,świata ,regionu IARU,kraju,a,"<p>Odpowiedź a. świata</p> <p>Znak stacji amatorskiej jest unikalny na całym świecie. To zapewnia, że każda stacja może być jednoznacznie zidentyfikowana. Jest to konieczne dla skutecznej koordynacji i komunikacji między stacjami.</p>",gpt-4
73,"Pewien początkujący krótkofalowiec zakupił tani radiotelefon. Dość szybko spostrzegł że wskaźnik siły sygnału działa w nim zupełnie nieprawidłowo, a koledzy proszą o Raport R/S. Co powinien zrobić w tej sytuacji? ",,bezwzględnie naprawić radiotelefon lub dokupić przystawkę mierzącą siłę sygnału ,"Może podawać raporty ""na ucho"" i poinformować o tym korespondenta",nie ma żadnego powodu żeby podawać korespondentowi siłę jego sygnału jeśli słyszymy go poprawnie. ,b,"<p>Wybieram odpowiedź b. &quot;Może podawać raporty &quot;na ucho&quot; i poinformować o tym korespondenta&quot;. Radiotelefony, zwłaszcza te tańsze, mogą cierpieć na różne mankamenty techniczne, w tym nieprecyzyjne wskaźniki siły sygnału. Jeżeli jednak krótkofalowiec jest w stanie odpowiednio odbierać i rozumieć przesyłane sygnały, może podawać swoje raporty &quot;na ucho&quot;, czyli ocenić siłę sygnału na podstawie własnej oceny. Kluczowe jest tutaj poinformowanie o tym korespondenta, aby ten był świadom potencjalnej niedokładności takiego raportu. Odpowiedź ta stanowi kompromis pomiędzy koniecznością inwestycji w lepszy sprzęt a praktycznym rozwiązaniem problemu.</p>",gpt-4
74,"Stacja z Włoch woła ""CQ DX, CQ DX beaming pacific ocean"". Co powinien w tej sytuacji zrobić polski operator? ",,natychmiast wołać! ,napisać wiadomość przy pomocy DX klastra z prośbą do stacji włoskiej o obrócenie anten ,poszukać innych chętnych do łączności gdyż ta stacja nie oczekuje teraz łączności z Europy,,"<p>Odpowiedź c. Dlaczego? Komunikaty &quot;CQ DX&quot; są ogólnymi wezwaniami do nawiązania łączności z dowolną stacją na świecie, ale dodanie &quot;beaming pacific ocean&quot; wskazuje, że operator ma skierowane swoje anteny w stronę Oceanu Spokojnego. Jako operator z Polski nie powinienem teraz zakłócać tej komunikacji, ponieważ nie będę w stanie nawiązać silnej łączności z daną stacją. Zamiast tego powinienem poszukać innych stacji do komunikacji.</p>",gpt-4
75,Czy używanie znaków wywoławczych podczas łączności jest obowiązkowe?,,"Nie, ale jest to ogólnie przyjęty dobry zwyczaj, pozytywnie świadczący o operatorze, pozwalający potwierdzić przeprowadzoną łączność","Tak, transmisja sygnałów bez identyfikacji jest zabroniona","Nie, można nie podawać znaków wywoławczych w krótkich łącznościach, beż żadnych konsekwencji",b,"<p>b. Tak, transmisja sygnałów bez identyfikacji jest zabroniona</p> <p>Zgodnie z przepisami, każda radiostacja musi być zidentyfikowana za pomocą przydzielonego jej znaku wywoławczego. To pozwala na monitorowanie i kontrolę składu i jakości łączności radiowej oraz umożliwia identyfikację stacji, które powodują ewentualne zakłócenia.</p>",gpt-4
